id,priority,area,classification,evidence,current_problem,targeted_solution,verification
WF-01,P1,Stage history,Confirmed conflict,"CH01 has active Initial manuscript records dated 2026-01-22 and 2026-04-14","Generic same-rank warning does not name the stage or resolution","Name both records; mark Conflict; provide Keep newer, Reclassify, or Cancel; block future duplicate writes","Focused rank/conflict tests plus manual CH01 resolution"
WF-02,P1,Chapter truth model,Confirmed misleading warning,"CH03 contains visible abstract text and an active manuscript record while legacy abstract flag is No","Legacy field is treated as authoritative despite stronger content and stage evidence","Derive abstract presence from active abstract stage OR non-empty text OR legacy Yes; downgrade stale No to metadata cleanup","Four focused derived-state tests plus manual CH03 check"
WF-03,P1,Project lifecycle,Missing capability,"No project entity, project name, first-run setup, or reset flow exists","A raw wipe would mix old activity with the new book and risks data loss","Add Project & Help, minimal project ID/state, backup-first admin reset, retained roster/history","Three project/reset tests, one rules check, synthetic-data smoke"
WF-04,P1,Public storage,Required release design,"Public users need their own Firebase or portable local/shared project storage","A synced folder is not safe for simultaneous database-style writes","Offer Firebase concurrent mode, local file mode, and explicitly non-concurrent shared-folder mode with lock, revision, hash, atomic save, and backups","Local save/restore tests and two-computer sequential shared-folder smoke"
WF-05,P2,Dashboard,Signal and language,"12 chapters are flagged and a true CH01 conflict is mixed with legacy status mismatches","Important blocking issues are buried and all checks are called sequence discrepancies","Group by chapter and severity; rename to Workflow and data checks; provide one relevant action","Derived severity tests and visual/manual dashboard check"
WF-06,P2,Chapter save,Activity noise,"Activity shows repeated Updated CH01 entries after stage operations","Save Changes remains available when no chapter fields changed","Dirty tracking; disable no-op save; state that stage records save immediately","Focused no-op save test and manual activity check"
WF-07,P2,Project import,Stale completion state,"Success reports six records added but the button still says Add 6 stage records","Completed work looks re-runnable","Refresh rows to Already recorded, clear selection, disable Apply, promote View chapters","One component/state test and manual completed-import check"
WF-08,P2,Help and onboarding,Missing guidance,"No visible help or storage-mode explanation exists","Editors must infer workflow and data boundaries","Short bundled Project & Help page covering intake, stages, conflicts, backup, roles, round zero, and active storage mode","Content review and one first-run smoke"
WF-09,P2,Stage history,Layout usability,"WordsStatus headers merge visually and long file/action text wraps","Conflict records are hard to scan","Separate fields or use responsive cards; replace long correction link with Resolve","Desktop and 125 percent zoom visual check"
WF-10,P3,Activity,Legacy presentation,"Older activity rows show actor/time without meaningful summaries","Blank-looking rows reduce trust in the log","Collapse or label as Legacy activity: details unavailable; allow current-project filtering","Manual legacy/current-project filter check"
WF-11,P3,Terminology,Help gap,"Dashboard shows Feedback round 0 without explanation","Editors may interpret round zero as an error","Add a tooltip/help definition and preserve canonical workflow meaning","Content review"
WF-12,P2,Source locations,Missing local action,"HTTPS references open but project-relative locations display Folder reference only","Editors cannot open the recorded Word file or reveal its containing folder","Open imported files from selected root plus relative path; index manually selected paths locally by SHA-256; never sync absolute paths","Path-containment and hash tests plus imported/manual/missing-file desktop smoke checks"
